DROP TABLE IF EXISTS Actuo_en;
DROP TABLE IF EXISTS Actores;
DROP TABLE IF EXISTS Peliculas;

CREATE TABLE Peliculas(
    id INT PRIMARY KEY,
    nombre VARCHAR(100),
    año INT,
    categoria VARCHAR(30) DEFAULT 'Acción',
    calificacion FLOAT,
    director VARCHAR(100)
);

CREATE TABLE Actores(
    id INT PRIMARY KEY,
    nombre VARCHAR(100),
    edad INT
);

CREATE TABLE Actuo_en(
    id_actor INT,
    id_pelicula INT,
    PRIMARY KEY (id_pelicula, id_actor),
    FOREIGN KEY (id_actor) REFERENCES Actores(id),
    FOREIGN KEY (id_pelicula) REFERENCES Peliculas(id)
);
INSERT INTO Peliculas (id, nombre, año, categoria, calificacion, director) VALUES
(1, 'Process term', 1971, 'Comedia', 10.0, 'Catherine Morgan'),
(2, 'Join sing', 1999, 'Terror', 3.9, 'Deborah Ruiz'),
(3, 'Seven both and', 1988, 'Drama', 5.6, 'Lauren Clark'),
(4, 'Traditional claim feeling song', 2022, 'SciFi', 5.7, 'Amanda Daugherty'),
(5, 'And under sign', 1999, 'Biografía', 9.5, 'David Clements'),
(6, 'Even plan commercial', 1991, 'Drama', 1.9, 'Devin Ross'),
(7, 'Gas practice business', 1998, 'Biografía', 7.3, 'Brian Brooks'),
(8, 'Which throw', 1981, 'Aventura', 4.7, 'Thomas Marshall'),
(9, 'Rather director', 1982, 'Drama', 2.0, 'Gary Young'),
(10, 'Information', 1996, 'Aventura', 1.1, 'Logan Howell'),
(11, 'Anything social', 1989, 'Terror', 8.7, 'Courtney Spencer'),
(12, 'Begin', 1983, 'SciFi', 9.2, 'Danielle Carter'),
(13, 'Play some room', 1990, 'Fantasía', 5.8, 'Mary Steele'),
(14, 'Standard thought light', 1983, 'Aventura', 8.9, 'Nicholas Duke'),
(15, 'Dark life your method', 2014, 'Fantasía', 8.3, 'Jessica Burns'),
(16, 'Station form true', 2016, 'Fantasía', 3.0, 'Daniel Gibson'),
(17, 'Understand tax', 2011, 'Comedia', 1.4, 'James Hodge'),
(18, 'Road some few', 2006, 'Fantasía', 4.4, 'Savannah Griffin'),
(19, 'Owner have mean', 2005, 'Comedia', 9.1, 'Rachel May'),
(20, 'Animal him', 2002, 'Comedia', 2.2, 'Michael Welch'),
(21, 'Not believe', 2011, 'Comedia', 4.9, 'Daniel Mendoza'),
(22, 'Science out list', 1987, 'Terror', 1.7, 'Kelly Adams'),
(23, 'Woman simple difficult', 1996, 'Terror', 5.1, 'Crystal Herrera'),
(24, 'Structure strategy soldier', 1981, 'Aventura', 7.8, 'Mrs. Rachel Martinez DDS'),
(25, 'Audience case', 2015, 'Terror', 9.7, 'Mark Christensen'),
(26, 'Reduce prove education moment', 1991, 'Aventura', 5.0, 'Lisa Wilson'),
(27, 'Service address car east', 1973, 'SciFi', 2.4, 'Caleb Miller'),
(28, 'Address piece western', 1970, 'Terror', 8.0, 'Erica Rubio'),
(29, 'Consider window another', 1982, 'SciFi', 2.7, 'Cathy Tucker'),
(30, 'Room might level', 1994, 'Fantasía', 3.4, 'Lorraine Smith'),
(31, 'Modern current week', 2016, 'Terror', 3.7, 'Deborah Walters'),
(32, 'Field southern international', 2021, 'Comedia', 5.6, 'Dr. Michael Watson MD'),
(33, 'Receive wall reduce', 2012, 'Biografía', 6.2, 'Lindsay Cox'),
(34, 'State let', 1990, 'SciFi', 5.3, 'Jenna Miller'),
(35, 'Church drop', 2021, 'SciFi', 7.0, 'Courtney Watts'),
(36, 'Believe state reason', 2016, 'Terror', 6.1, 'Heather Clark'),
(37, 'Day', 1978, 'Terror', 4.5, 'Mark Thompson'),
(38, 'Partner', 2019, 'Drama', 8.4, 'Cheryl Morales'),
(39, 'Lawyer black', 2002, 'SciFi', 9.4, 'Sarah Perez'),
(40, 'Action as guy', 2004, 'Aventura', 7.6, 'Reginald Rodriguez'),
(41, 'Mother son heart', 2007, 'Aventura', 7.8, 'Dale Sellers'),
(42, 'Usually option parent matter', 2003, 'Comedia', 5.4, 'Vincent Berg'),
(43, 'Nature idea another', 1976, 'Acción', 6.0, 'Shelly Gates MD'),
(44, 'Yet best', 1999, 'Fantasía', 5.4, 'Natalie Solomon'),
(45, 'Sure market can certain', 1982, 'Aventura', 2.6, 'Henry Martinez'),
(46, 'Fish', 1991, 'SciFi', 4.9, 'Angela Moore'),
(47, 'Arm pattern page', 2023, 'Drama', 5.3, 'Melissa Marshall'),
(48, 'Risk sea', 2024, 'Terror', 6.7, 'Crystal West'),
(49, 'End store', 1989, 'Drama', 4.9, 'Zachary Lynch'),
(50, 'Well', 1973, 'Terror', 3.9, 'Ryan Hernandez'),
(51, 'Grow', 1972, 'Acción', 5.8, 'Nicole Miranda'),
(52, 'Soon until', 2016, 'Drama', 6.3, 'James Owens'),
(53, 'Might prevent story old', 2025, 'Terror', 4.3, 'Troy Smith'),
(54, 'Tree find', 2002, 'Drama', 3.2, 'Jonathan Phillips'),
(55, 'Tonight while', 1996, 'Fantasía', 2.4, 'Mrs. Shannon Davis'),
(56, 'Yard across public police', 2006, 'Fantasía', 6.2, 'James Brown'),
(57, 'Phone nor together', 1997, 'Terror', 5.9, 'Scott Spencer'),
(58, 'Customer trade sister', 1984, 'Biografía', 9.4, 'Mandy Pham'),
(59, 'Win themselves', 2025, 'Biografía', 4.5, 'Dr. Christopher Wilson'),
(60, 'Side', 1974, 'Fantasía', 5.0, 'William Diaz'),
(61, 'Ground exist', 2016, 'Biografía', 5.3, 'Kenneth Welch'),
(62, 'Return herself say', 1983, 'Acción', 9.7, 'Kelly Curtis'),
(63, 'Character nothing', 1990, 'Terror', 7.4, 'Steven Winters'),
(64, 'College treat', 1980, 'Comedia', 8.5, 'Beth Fitzpatrick'),
(65, 'Record field space', 2005, 'Biografía', 1.0, 'Felicia Roberts'),
(66, 'Event relate past use', 2000, 'SciFi', 2.1, 'Amanda Mendoza'),
(67, 'Watch up', 2013, 'Biografía', 1.7, 'Cameron Bowen'),
(68, 'Baby would style', 2005, 'Biografía', 9.7, 'James Sims'),
(69, 'Where voice operation', 2011, 'Comedia', 8.2, 'Lisa Henderson'),
(70, 'Full police continue', 1971, 'Terror', 3.0, 'Cassandra Jenkins'),
(71, 'Establish summer', 1987, 'SciFi', 5.8, 'Brittany Murillo'),
(72, 'Statement international positive', 2011, 'Drama', 3.0, 'Zachary Clements'),
(73, 'Foot serious spend', 1974, 'SciFi', 4.9, 'Tracy Murphy'),
(74, 'Democratic together offer', 2014, 'Drama', 7.3, 'Pamela Russell'),
(75, 'Step tree', 1990, 'Aventura', 8.9, 'Russell Jones'),
(76, 'Quite case', 1983, 'Drama', 3.3, 'Jamie Mccullough'),
(77, 'Program concern', 2014, 'Comedia', 2.1, 'Austin Hull'),
(78, 'Out various', 1970, 'SciFi', 2.9, 'Leslie Kelly'),
(79, 'Now scene', 1972, 'Fantasía', 2.0, 'Shirley Edwards'),
(80, 'Table support key', 2024, 'Aventura', 5.7, 'Lawrence Thornton'),
(81, 'Past both', 1998, 'Biografía', 1.6, 'James Collins'),
(82, 'Raise change', 2009, 'Terror', 3.2, 'Richard Wood'),
(83, 'Recognize pass', 1971, 'Comedia', 7.6, 'Ashlee Young'),
(84, 'Prepare plant oil', 1971, 'SciFi', 9.1, 'Suzanne Cohen'),
(85, 'Maintain town', 2014, 'Acción', 7.1, 'Abigail George'),
(86, 'Nation whole', 1980, 'Aventura', 7.3, 'William Johnson'),
(87, 'Direction their', 2012, 'Biografía', 3.7, 'Kevin Stevens'),
(88, 'Indicate authority', 2023, 'Acción', 8.9, 'Kim Weeks'),
(89, 'Tree', 2015, 'Fantasía', 3.2, 'Alexander King'),
(90, 'Value water', 2015, 'Fantasía', 8.3, 'Kevin Hawkins'),
(91, 'Current air firm', 2021, 'Biografía', 7.3, 'Michelle Wyatt'),
(92, 'Argue', 1970, 'Biografía', 3.5, 'Jennifer Martin'),
(93, 'Cup run', 2010, 'Acción', 8.7, 'Leslie Miles'),
(94, 'Stop about girl', 2001, 'Acción', 9.8, 'Tiffany Copeland'),
(95, 'Mr prevent skin', 2024, 'Biografía', 9.4, 'Emily Shah'),
(96, 'Big bed what', 1998, 'Acción', 8.4, 'Gregory Brown'),
(97, 'Air try', 2007, 'Aventura', 9.7, 'Kevin Rogers'),
(98, 'Themselves home', 1984, 'Biografía', 2.4, 'Belinda Burton'),
(99, 'Now go medical', 1996, 'Comedia', 4.0, 'Jeremy Shelton'),
(100, 'Mouth reflect despite', 1974, 'SciFi', 1.6, 'Anthony Williams'),
(101, 'Subject moment nothing', 2014, 'Drama', 5.9, 'Kelly Smith'),
(102, 'Mean performance', 2020, 'Biografía', 1.2, 'Patricia Smith'),
(103, 'Fight citizen', 1985, 'Acción', 4.0, 'Glenda Williams'),
(104, 'Force marriage inside hospital', 1970, 'Fantasía', 9.0, 'Shane Evans'),
(105, 'Affect kid tonight', 1974, 'SciFi', 4.7, 'Sara Clark'),
(106, 'Right environment', 2008, 'Acción', 2.4, 'James Wong'),
(107, 'Clearly such', 2019, 'Acción', 1.3, 'Samuel Richard'),
(108, 'Industry someone', 2015, 'Acción', 5.3, 'Ronald Davenport'),
(109, 'Risk help tax', 2014, 'Drama', 1.3, 'Kimberly Roth'),
(110, 'Maintain spring prove', 1972, 'Fantasía', 6.5, 'James Carr'),
(111, 'Important drop', 2001, 'Comedia', 2.2, 'Alicia Sanders'),
(112, 'Stage spend', 2006, 'Terror', 9.4, 'Shane Rangel'),
(113, 'Table', 1988, 'Acción', 9.9, 'Meredith Smith'),
(114, 'You free sound', 1985, 'SciFi', 2.8, 'Travis Martinez'),
(115, 'Amount nice society', 1986, 'Fantasía', 2.0, 'James Walker'),
(116, 'Officer off tonight', 2005, 'Aventura', 6.1, 'George Wagner'),
(117, 'Occur voice which stage', 1975, 'Terror', 4.8, 'Darryl Phillips'),
(118, 'Provide writer table', 2010, 'SciFi', 2.7, 'Tracy Crawford'),
(119, 'Soldier reveal', 2019, 'Drama', 2.0, 'Misty Leblanc'),
(120, 'Item consider wife', 2020, 'Acción', 8.6, 'Kristina White'),
(121, 'Quickly he employee', 2006, 'Biografía', 2.0, 'Caitlyn Patterson'),
(122, 'Day body why', 1981, 'Drama', 3.5, 'Julia Little'),
(123, 'Court', 2013, 'Terror', 5.0, 'Victoria Thompson'),
(124, 'Candidate according', 2016, 'Fantasía', 4.4, 'Lisa Sanchez'),
(125, 'Science ever', 2020, 'SciFi', 9.7, 'Bobby Bauer'),
(126, 'Blue', 1983, 'Biografía', 3.7, 'Nancy Scott'),
(127, 'Feeling special', 1988, 'Biografía', 1.1, 'Paul Klein'),
(128, 'Into just thus', 2006, 'Biografía', 6.6, 'Tim Matthews'),
(129, 'Almost us reach', 1997, 'Fantasía', 9.5, 'Mary Guzman'),
(130, 'And continue door', 1985, 'Acción', 1.3, 'Derek Norman'),
(131, 'National hot', 1971, 'Drama', 9.9, 'James Ramos'),
(132, 'Security toward between', 2000, 'Acción', 7.8, 'Amy Flynn'),
(133, 'Describe research', 2004, 'SciFi', 8.0, 'Anna Hill'),
(134, 'Summer trip lead', 2001, 'Aventura', 1.9, 'Allison Strickland'),
(135, 'Most recent mind', 2018, 'Fantasía', 9.9, 'Jacob Martin'),
(136, 'Chair market', 2018, 'Comedia', 5.9, 'Tyler Miller'),
(137, 'Answer administration trade', 2010, 'Aventura', 9.1, 'Michael Payne'),
(138, 'Animal area', 2001, 'SciFi', 2.0, 'Abigail Herrera'),
(139, 'Operation stay wife medical', 1976, 'Aventura', 9.4, 'Thomas Novak'),
(140, 'Fill', 1983, 'Fantasía', 6.1, 'Crystal Briggs DVM'),
(141, 'And crime', 1994, 'Biografía', 6.5, 'Stephanie Moore'),
(142, 'Week look organization', 1987, 'Biografía', 4.5, 'Michael Hoover'),
(143, 'Vote relate consider chance', 1990, 'SciFi', 2.2, 'Timothy Mcclure'),
(144, 'Worker', 1990, 'Terror', 5.3, 'Laurie Chung'),
(145, 'Environmental huge', 2001, 'Comedia', 6.8, 'Matthew Donaldson'),
(146, 'Direction time finally', 1985, 'Aventura', 3.8, 'Derek Larson'),
(147, 'Task', 2019, 'Fantasía', 1.2, 'Richard Romero'),
(148, 'Nation decide number support', 2023, 'Biografía', 6.9, 'Alexis Brady'),
(149, 'As degree edge', 1994, 'SciFi', 4.7, 'Alyssa Knox'),
(150, 'Study factor field', 2003, 'SciFi', 9.3, 'David Guerrero'),
(151, 'Customer entire', 2025, 'Terror', 1.1, 'Tiffany Rosario'),
(152, 'Guy report middle', 2001, 'Fantasía', 8.7, 'Megan Lin'),
(153, 'Training partner research', 2011, 'Acción', 3.1, 'Stacey Spence'),
(154, 'Rest several feeling', 2023, 'Aventura', 3.1, 'Christy Palmer'),
(155, 'Anything central bit', 1970, 'Acción', 9.0, 'Melissa Howard'),
(156, 'Affect director goal', 1984, 'Aventura', 5.1, 'Kylie Thomas'),
(157, 'War', 2024, 'Fantasía', 3.5, 'Christina Rodriguez'),
(158, 'Us skin beyond', 1980, 'Fantasía', 1.3, 'James Mcgee'),
(159, 'Return nor say', 2023, 'Aventura', 1.1, 'Patricia Briggs'),
(160, 'Arm hear', 1977, 'Drama', 9.5, 'Mark Hernandez'),
(161, 'Point music', 2007, 'Comedia', 1.2, 'Michelle Martinez'),
(162, 'Study benefit', 1983, 'Biografía', 1.9, 'Dr. Troy Shepard'),
(163, 'Similar no probably', 1981, 'Terror', 3.4, 'Brady Velazquez'),
(164, 'Nothing', 1985, 'SciFi', 1.6, 'Laura Clark'),
(165, 'Tough maybe window', 1980, 'Aventura', 8.4, 'Angela Richardson'),
(166, 'More support', 1978, 'Comedia', 7.5, 'Paul Gordon'),
(167, 'Arm certain throughout', 1972, 'Aventura', 9.6, 'John Stevenson'),
(168, 'Training action', 1995, 'Comedia', 5.8, 'Jennifer Sweeney'),
(169, 'Better sell', 2019, 'Biografía', 2.5, 'Tina Bennett'),
(170, 'Into behavior', 1971, 'Comedia', 6.9, 'Laura Jones DDS'),
(171, 'Star remember may area', 2021, 'Fantasía', 9.7, 'Abigail Long'),
(172, 'Cause win health', 1972, 'Terror', 5.0, 'Leah Cannon DDS'),
(173, 'Strategy less', 2007, 'Aventura', 8.8, 'Christopher Russell'),
(174, 'Operation physical', 2019, 'Acción', 4.1, 'Carly Diaz'),
(175, 'General recognize past', 1985, 'Comedia', 2.1, 'Penny Bruce'),
(176, 'Sing read just', 1971, 'SciFi', 8.8, 'Madison Young'),
(177, 'Today yard ever', 1983, 'Terror', 4.5, 'Jocelyn Lee'),
(178, 'Claim add', 1972, 'Aventura', 6.7, 'David Johnson'),
(179, 'Arm save past', 1978, 'Comedia', 1.5, 'Jonathan Gibson'),
(180, 'Responsibility', 1971, 'Aventura', 5.8, 'Jesse Jordan'),
(181, 'Foreign letter personal', 1976, 'Fantasía', 9.6, 'Patrick Liu'),
(182, 'Feeling policy', 1985, 'Aventura', 1.2, 'David Garza'),
(183, 'Grow too', 1986, 'Fantasía', 3.7, 'Kenneth Martinez'),
(184, 'Take', 1993, 'Comedia', 1.6, 'Max Thompson'),
(185, 'Large much', 2000, 'SciFi', 5.3, 'Christine Fowler'),
(186, 'Participant ask though', 2003, 'Acción', 3.2, 'Nathaniel Manning'),
(187, 'Name book', 2005, 'Comedia', 4.8, 'Angel Wang'),
(188, 'Officer teach', 2005, 'Aventura', 3.1, 'Patricia Gonzalez'),
(189, 'Admit west', 1983, 'Aventura', 8.9, 'Nicole Baker'),
(190, 'Phone contain free', 2016, 'Terror', 9.2, 'Brianna Sanders'),
(191, 'Answer movie effort', 2025, 'Aventura', 5.9, 'Crystal Wolfe'),
(192, 'Role', 2013, 'Aventura', 7.5, 'Ashley Meyer'),
(193, 'Appear specific whose', 1996, 'Acción', 8.8, 'Heather Johnson'),
(194, 'Under provide question', 1982, 'Fantasía', 8.8, 'Jonathan Cohen'),
(195, 'Collection radio join', 1993, 'Terror', 5.7, 'Alexis Flores'),
(196, 'Edge major fine', 1975, 'SciFi', 9.0, 'Sharon Kaiser'),
(197, 'Policy he challenge area', 2005, 'Fantasía', 1.3, 'Christian Crane'),
(198, 'Know almost surface', 2011, 'Acción', 5.3, 'Jason Clark'),
(199, 'Allow certain', 2006, 'Acción', 4.8, 'Mark James'),
(200, 'Growth wrong medical', 2023, 'Drama', 3.0, 'Kayla Howard PhD'),
(201, 'Leave growth generation', 2019, 'Acción', 1.1, 'Andrew Torres'),
(202, 'Time', 2005, 'Comedia', 1.2, 'Michael Herrera'),
(203, 'Speech baby professional hope', 2007, 'Aventura', 4.5, 'Shannon Walker'),
(204, 'Be investment', 1985, 'SciFi', 6.5, 'Amanda Owens'),
(205, 'Story their write', 2001, 'Comedia', 9.3, 'Leslie Harris'),
(206, 'Seek star', 1997, 'Biografía', 1.6, 'Michael Lloyd'),
(207, 'Thus instead everybody', 2008, 'SciFi', 5.1, 'Kimberly Wright'),
(208, 'Ball war', 1982, 'Biografía', 5.4, 'Sarah Payne'),
(209, 'Religious skin entire', 2007, 'Acción', 2.5, 'Diane Henderson'),
(210, 'Stand else official', 2016, 'Aventura', 3.7, 'Chase Underwood'),
(211, 'Majority common decision', 2017, 'Aventura', 6.0, 'Jay Jones'),
(212, 'Clearly those trouble', 1981, 'SciFi', 4.4, 'Ryan Hartman'),
(213, 'High leader behavior', 2001, 'Aventura', 4.2, 'Darius Richardson'),
(214, 'Mouth fly effort', 1972, 'Drama', 7.9, 'Cody Harmon'),
(215, 'Response anything plant', 1983, 'SciFi', 4.7, 'Adrienne Richards MD'),
(216, 'Wear again matter', 2024, 'Fantasía', 9.7, 'Keith Melendez'),
(217, 'Always line', 1972, 'Drama', 3.5, 'Dana Holmes'),
(218, 'Into', 2011, 'Biografía', 9.7, 'Kevin Burns'),
(219, 'The knowledge finally', 2023, 'Terror', 3.3, 'Briana Sanchez'),
(220, 'Share grow our', 2023, 'Drama', 4.3, 'Dawn Harris'),
(221, 'Eight account represent', 2020, 'Terror', 7.3, 'Joseph Torres'),
(222, 'Level picture', 2002, 'Drama', 7.2, 'Michelle Scott'),
(223, 'Everybody least relationship', 2024, 'Acción', 6.5, 'Kim Bailey'),
(224, 'Project stay where', 2007, 'Terror', 2.8, 'Robin Jackson'),
(225, 'Raise worry', 2009, 'Acción', 1.5, 'Marilyn Medina'),
(226, 'Spring employee', 2012, 'Biografía', 8.9, 'Katie Lewis DDS'),
(227, 'Instead against', 2003, 'Aventura', 2.7, 'Kenneth Franco'),
(228, 'Meeting PM which', 2004, 'Comedia', 8.3, 'Kathryn Hernandez'),
(229, 'Bar understand', 2024, 'Drama', 6.5, 'Joseph Smith'),
(230, 'Our walk PM', 2003, 'Aventura', 4.9, 'Laura Gordon'),
(231, 'Recent reduce arrive fish', 1994, 'Acción', 4.9, 'Brittany Cox'),
(232, 'Case western free', 1973, 'Aventura', 4.8, 'Paul Brown DVM'),
(233, 'Language father black grow', 1993, 'Acción', 2.4, 'Oscar Bennett'),
(234, 'Far car hotel', 1977, 'SciFi', 1.3, 'Dana Hays'),
(235, 'Drive level garden', 1988, 'Fantasía', 8.5, 'Tracy Case'),
(236, 'Statement fight husband', 1997, 'Terror', 2.2, 'Stephanie Meyer'),
(237, 'Whole worker', 1990, 'Acción', 4.5, 'Joanne Brown'),
(238, 'Professor rock', 1987, 'Comedia', 8.5, 'Kathryn Stanley'),
(239, 'East', 2025, 'SciFi', 6.7, 'Phillip Carrillo'),
(240, 'Science see class', 2021, 'Aventura', 7.1, 'Brianna Martinez'),
(241, 'Any view', 1975, 'Aventura', 7.7, 'Steve Oconnell'),
(242, 'This traditional', 1980, 'Biografía', 2.7, 'John Lee'),
(243, 'Total paper explain', 1998, 'Acción', 8.7, 'James Raymond'),
(244, 'Must themselves', 2022, 'Biografía', 7.6, 'Edward Hardin'),
(245, 'Throw forget best', 2025, 'Comedia', 1.1, 'Regina Jones'),
(246, 'Seven everyone gun', 2004, 'Drama', 1.2, 'Joshua Pugh'),
(247, 'Like everybody', 1996, 'Drama', 5.8, 'Amy Ramos'),
(248, 'Me ball', 2007, 'Comedia', 6.5, 'Brian Cohen'),
(249, 'Best', 2020, 'Comedia', 9.1, 'Victoria Coffey'),
(250, 'Focus soldier', 1993, 'Fantasía', 9.2, 'Kyle Hanna'),
(251, 'Toward pass scientist nor', 1979, 'Comedia', 5.5, 'Frederick Webster'),
(252, 'Toward modern', 1979, 'Biografía', 4.5, 'Heidi Pham'),
(253, 'Themselves hair choose', 2007, 'Fantasía', 3.4, 'Darrell Morrison'),
(254, 'Enough growth goal have', 2021, 'Comedia', 9.0, 'Katie Jacobson'),
(255, 'Watch', 2021, 'Acción', 7.6, 'Julie Garcia'),
(256, 'Into professor above often', 1991, 'Aventura', 1.9, 'Matthew Reed'),
(257, 'Peace leave', 1970, 'Terror', 5.1, 'David Brewer'),
(258, 'Foreign market large', 2008, 'Comedia', 7.9, 'Courtney Martinez'),
(259, 'Good amount sort', 1985, 'SciFi', 4.0, 'Kevin Ortiz'),
(260, 'Power before understand', 2004, 'Aventura', 7.9, 'Erica Miles'),
(261, 'Whether', 1995, 'Terror', 4.6, 'Lisa Duncan'),
(262, 'Land dinner class', 1973, 'Aventura', 4.8, 'Sarah Boyd'),
(263, 'You decide', 2023, 'Fantasía', 2.6, 'Nicole Stanley'),
(264, 'Turn out research', 2024, 'Aventura', 2.4, 'Haley Booker'),
(265, 'Boy per', 2006, 'Terror', 8.2, 'Melinda Garcia'),
(266, 'Enjoy person training', 1979, 'Terror', 3.8, 'Cody Lester'),
(267, 'Student clearly', 2003, 'Aventura', 4.3, 'Peter Hill'),
(268, 'Work state recognize', 1975, 'SciFi', 8.6, 'Martin Wilson MD'),
(269, 'Indicate operation', 1997, 'Drama', 6.9, 'Dana Estrada'),
(270, 'Century interesting will', 1978, 'Drama', 7.6, 'Robert Pollard'),
(271, 'Enjoy dream tonight', 1980, 'Acción', 6.6, 'Christopher Powell'),
(272, 'Newspaper discover', 2020, 'Biografía', 4.8, 'Rachel Moore'),
(273, 'Thought born', 2006, 'Drama', 3.7, 'Jeremy Peters'),
(274, 'Rich person', 2019, 'Biografía', 6.9, 'Travis Sutton'),
(275, 'Traditional power', 1990, 'SciFi', 5.6, 'Kristin Thomas'),
(276, 'And because', 1972, 'Drama', 3.9, 'Christy Miller'),
(277, 'About involve serious represent', 1971, 'Fantasía', 5.8, 'Kathleen Schneider'),
(278, 'Go industry month his', 1973, 'Acción', 7.0, 'Tony Carney'),
(279, 'Occur many western', 1981, 'Fantasía', 2.2, 'Kevin Hobbs'),
(280, 'Dark interesting air', 1996, 'Fantasía', 9.9, 'Ana Williams'),
(281, 'Believe fast', 2016, 'Terror', 7.9, 'Alan Scott'),
(282, 'Visit concern', 1987, 'Terror', 4.2, 'Evelyn Hubbard'),
(283, 'Agency name actually', 2008, 'Fantasía', 4.5, 'Michelle Waters'),
(284, 'Its body relate', 1991, 'Aventura', 2.1, 'Elizabeth Vincent'),
(285, 'Tax relate', 1990, 'SciFi', 3.1, 'Jamie Smith'),
(286, 'Republican', 1988, 'Aventura', 5.4, 'Amanda Morrow'),
(287, 'Family', 2023, 'Acción', 7.6, 'Danny Molina'),
(288, 'Pattern approach bill', 2003, 'Comedia', 2.3, 'Brandon Elliott'),
(289, 'Thank special', 2002, 'Biografía', 8.5, 'Eugene Lawson'),
(290, 'Take prove', 1997, 'Biografía', 4.3, 'Jennifer Solis'),
(291, 'Kitchen last', 2006, 'Acción', 2.7, 'Kayla Flynn'),
(292, 'Year seven arm', 2016, 'Fantasía', 2.5, 'Jason Roth'),
(293, 'Public according', 2008, 'Drama', 8.4, 'Bradley Harrison'),
(294, 'Available', 2005, 'Acción', 4.4, 'Sara Sanchez'),
(295, 'Agree conference play TV', 2019, 'Acción', 4.2, 'Natalie Davis'),
(296, 'Sort maintain', 2019, 'Biografía', 5.1, 'Gregory West'),
(297, 'Control occur interesting', 2001, 'Aventura', 7.5, 'Cody Turner'),
(298, 'My director me', 1973, 'Terror', 5.2, 'Jonathan Ramirez'),
(299, 'Boy receive poor', 1971, 'Acción', 6.9, 'Charles Alvarez'),
(300, 'Law authority', 1998, 'SciFi', 8.2, 'Sheryl Reed');
INSERT INTO Actores (id, nombre, edad) VALUES
(1, 'Matthew Osborn', 23),
(2, 'Traci Johnson', 26),
(3, 'Jesse Briggs', 65),
(4, 'Eric Nelson', 71),
(5, 'Katherine Perez', 79),
(6, 'Travis Alexander', 51),
(7, 'Drew Stark', 21),
(8, 'Danny Patrick', 66),
(9, 'Jerome Johnston', 73),
(10, 'Stephanie Miller', 78),
(11, 'Deborah Little', 58),
(12, 'William White', 31),
(13, 'Thomas Love', 51),
(14, 'Brooke Gonzalez', 75),
(15, 'James Castaneda', 27),
(16, 'Kevin Salinas', 69),
(17, 'Lisa Hill', 68),
(18, 'Timothy Robles', 20),
(19, 'Timothy Lowery', 32),
(20, 'Victoria Jacobson', 74),
(21, 'Jody Freeman', 51),
(22, 'Jennifer Garcia', 59),
(23, 'Wendy Barrett', 61),
(24, 'Melanie Johnson', 47),
(25, 'Matthew Smith', 19),
(26, 'Paula Phillips', 62),
(27, 'Melanie Parker', 20),
(28, 'Nichole Bradford', 28),
(29, 'Ryan Saunders', 47),
(30, 'Kenneth Cooper', 30),
(31, 'Joshua Wade', 60),
(32, 'Robert Leach', 60),
(33, 'Carlos Wilson', 63),
(34, 'Barbara Diaz', 21),
(35, 'David Morrison', 62),
(36, 'John Silva', 79),
(37, 'Jared Hobbs', 65),
(38, 'Michael Ramos', 20),
(39, 'David Ross', 44),
(40, 'Lisa Huff', 67),
(41, 'Donald Moreno', 45),
(42, 'James Montgomery', 22),
(43, 'Richard Cook', 45),
(44, 'William Jacobs', 48),
(45, 'Amy Weber', 35),
(46, 'Tyler Collins', 39),
(47, 'Sharon Leach', 21),
(48, 'Rebecca Sullivan', 77),
(49, 'Glenn Castillo', 31),
(50, 'Sherri Lopez', 77),
(51, 'Melissa Lynch', 76),
(52, 'Michael Myers', 19),
(53, 'Victoria Patterson', 62),
(54, 'Linda Bishop', 47),
(55, 'Alexis Donovan', 74),
(56, 'Todd Lopez', 18),
(57, 'Clifford Lewis', 32),
(58, 'Monica Lamb', 61),
(59, 'Amanda Davis', 25),
(60, 'William Lester', 30),
(61, 'Tamara Mcbride', 39),
(62, 'Janice Nguyen', 46),
(63, 'Crystal Aguirre', 61),
(64, 'Sean Yang', 29),
(65, 'Derek Hudson', 22),
(66, 'Thomas Cooper', 64),
(67, 'Tonya Smith', 37),
(68, 'Natalie Gallagher', 72),
(69, 'Taylor Brown', 76),
(70, 'Lisa Peters', 34),
(71, 'Adrian Pacheco', 29),
(72, 'Mary Koch', 79),
(73, 'Tracy Irwin', 36),
(74, 'Michelle Carter', 72),
(75, 'Laura Contreras', 34),
(76, 'Daniel Mitchell', 58),
(77, 'Erin Austin', 38),
(78, 'Derek Lucas', 29),
(79, 'Lisa Beck', 36),
(80, 'Denise Garcia', 69),
(81, 'Carlos Jackson', 42),
(82, 'Michael Myers', 66),
(83, 'Joseph Taylor', 51),
(84, 'Robert Brown', 56),
(85, 'Victoria White', 51),
(86, 'Tiffany Hooper', 69),
(87, 'Billy Rhodes', 66),
(88, 'Joe Gentry', 21),
(89, 'Andrew Alvarez', 37),
(90, 'Mark Lopez', 66),
(91, 'Dr. Melody Crawford MD', 61),
(92, 'Stephen Pearson', 78),
(93, 'David Morrison', 18),
(94, 'Amy Chen', 53),
(95, 'Tammy Austin', 52),
(96, 'Michael Jones', 28),
(97, 'Laura Gill', 18),
(98, 'Anthony Thompson', 55),
(99, 'Robert Ross', 36),
(100, 'Melvin Figueroa', 18),
(101, 'Natasha Howell', 45),
(102, 'Eric Payne', 32),
(103, 'Laura Frost', 73),
(104, 'Dr. Barbara Garcia', 27),
(105, 'Brittany Clark MD', 54),
(106, 'Gregory Alvarez', 42),
(107, 'Julie King', 25),
(108, 'Lindsey Jones', 28),
(109, 'Justin Rogers', 47),
(110, 'Marcus Martinez', 35),
(111, 'Bryan Davenport', 59),
(112, 'Jordan Green', 22),
(113, 'Jorge Sanchez', 57),
(114, 'Melanie Jenkins', 68),
(115, 'Keith Richardson', 23),
(116, 'Jeffrey Allen', 71),
(117, 'Carrie Bryan', 44),
(118, 'Anthony Wood', 23),
(119, 'Jennifer Phillips', 58),
(120, 'Thomas Lawson', 63),
(121, 'Jill Baker', 38),
(122, 'Martin Lopez', 40),
(123, 'Miguel Cabrera', 47),
(124, 'Scott Robinson', 33),
(125, 'Patrick Rhodes', 63),
(126, 'Michael Walters', 71),
(127, 'Lori Pierce', 36),
(128, 'Kimberly Gomez', 35),
(129, 'Brian Powell', 24),
(130, 'Dr. Nancy Mitchell', 46),
(131, 'Nathan Simmons', 58),
(132, 'Corey Barnes', 26),
(133, 'Lisa Chandler', 56),
(134, 'Carol Richards', 57),
(135, 'Christopher Brown', 77),
(136, 'Joshua Bowman', 58),
(137, 'Jose Cooley', 78),
(138, 'Kevin Baker', 34),
(139, 'Kendra Evans', 50),
(140, 'Cindy Gill', 79),
(141, 'Gloria Smith', 36),
(142, 'John Hopkins', 58),
(143, 'Rodney Hamilton', 72),
(144, 'Robert Pugh', 62),
(145, 'Patricia Williams', 47),
(146, 'Jeffrey Mclaughlin', 50),
(147, 'Katherine Buckley', 19),
(148, 'Phillip Murray', 68),
(149, 'Alex Smith', 50),
(150, 'Shawn Shaw', 21),
(151, 'Summer Gomez', 26),
(152, 'Jason Osborn', 61),
(153, 'Sandra Mcclain', 72),
(154, 'Maxwell Henry', 72),
(155, 'Alyssa Bradley', 65),
(156, 'John Fuller', 28),
(157, 'Adrienne Ferguson', 68),
(158, 'Tammy Boyer', 66),
(159, 'Karl Myers', 63),
(160, 'Hannah Frye', 49),
(161, 'Emily Levine', 24),
(162, 'Christina Perkins', 22),
(163, 'Lawrence Waters', 63),
(164, 'Brandon Bailey', 20),
(165, 'Cynthia Hubbard', 43),
(166, 'Karen Miller', 72),
(167, 'Gregory Collins', 34),
(168, 'Brenda Davis', 36),
(169, 'Gregory Garcia', 66),
(170, 'James Wheeler', 36),
(171, 'Brandon Madden III', 76),
(172, 'Alan Lopez', 72),
(173, 'Micheal Martin', 25),
(174, 'Mary Cross', 53),
(175, 'Joshua Davis', 30),
(176, 'Jennifer Rowe', 59),
(177, 'Deanna Mckinney', 63),
(178, 'William Martinez', 37),
(179, 'William Solomon', 61),
(180, 'Megan Collins', 47),
(181, 'Mark Park', 64),
(182, 'Patrick Henderson', 79),
(183, 'Rachel Johnson', 48),
(184, 'Vanessa Williams', 69),
(185, 'Mark Wong', 50),
(186, 'Denise Webb', 80),
(187, 'Richard Conner', 75),
(188, 'Emma Young', 24),
(189, 'Shawn Parker', 64),
(190, 'Joseph Romero', 52),
(191, 'Jasmine Morales', 36),
(192, 'Travis Stanton', 47),
(193, 'Kayla Santana', 80),
(194, 'Drew Henderson', 33),
(195, 'Joshua Flynn', 74),
(196, 'Joanna Kim', 52),
(197, 'Ryan Gonzalez', 31),
(198, 'Joshua Perkins', 23),
(199, 'Rachel Wilcox', 73),
(200, 'Amy Mays', 58),
(201, 'Alexis Long', 71),
(202, 'Mr. Todd Odonnell', 59),
(203, 'Richard Foster', 58),
(204, 'Donald Fox', 24),
(205, 'Charlotte Ellis', 23),
(206, 'Jessica Gates', 27),
(207, 'Jeffrey Tyler', 25),
(208, 'Aaron Chambers', 23),
(209, 'Edward Hart', 20),
(210, 'Keith Martinez', 28),
(211, 'Melinda Berry', 62),
(212, 'Bobby Thomas', 37),
(213, 'Tracey Calhoun', 50),
(214, 'Kyle Chan', 57),
(215, 'Jasmine Lewis', 54),
(216, 'Jessica Nguyen', 40),
(217, 'Alicia Marshall', 30),
(218, 'Elizabeth Turner', 44),
(219, 'Julie King', 35),
(220, 'Aimee Martinez', 49),
(221, 'Jordan Gibson', 24),
(222, 'Joe Oconnell', 23),
(223, 'Alexander Andrews', 38),
(224, 'Melissa Montoya', 51),
(225, 'Aaron Mcdonald', 44),
(226, 'Douglas Moore', 56),
(227, 'Whitney Mclaughlin', 65),
(228, 'Jason Morris', 35),
(229, 'Greg Thompson', 63),
(230, 'Austin Taylor', 30),
(231, 'Ronald Zimmerman', 34),
(232, 'Chad Stevenson', 45),
(233, 'Luis Davis', 69),
(234, 'Douglas Murphy', 71),
(235, 'Steve Williams', 48),
(236, 'Hannah Diaz', 67),
(237, 'Jerome Powers', 75),
(238, 'Shawn Merritt', 57),
(239, 'Cory Peterson', 57),
(240, 'Manuel Mullins', 25),
(241, 'Chase Lozano', 44),
(242, 'Christopher Avery', 64),
(243, 'Carla Phillips', 64),
(244, 'Annette Lara', 76),
(245, 'Michael Werner', 22),
(246, 'Karen Rogers', 63),
(247, 'Russell Payne', 59),
(248, 'Kimberly Brown', 72),
(249, 'Jesus Moore', 72),
(250, 'Kelly Valenzuela', 51),
(251, 'Todd West', 65),
(252, 'Rhonda Brown', 52),
(253, 'Cynthia Cook', 55),
(254, 'Frank Marshall', 36),
(255, 'Sharon Wilkerson', 21),
(256, 'Madison Sellers', 42),
(257, 'Kimberly Booker', 28),
(258, 'Alexandra Alvarez', 61),
(259, 'Ana Aguilar', 35),
(260, 'Elizabeth Wise', 45),
(261, 'Shawn Arias', 53),
(262, 'Amy Vang', 55),
(263, 'Alexandra Jones', 30),
(264, 'Nicole Williams', 26),
(265, 'Theresa Phillips', 79),
(266, 'Stacy Stevens', 51),
(267, 'Justin Ballard', 38),
(268, 'Jessica Ford', 78),
(269, 'Karen Le', 78),
(270, 'Nicholas Hancock', 40),
(271, 'Dean Carter', 62),
(272, 'Monica Castro', 36),
(273, 'Matthew Suarez', 58),
(274, 'Joshua Wilkinson', 50),
(275, 'Julia Scott', 31),
(276, 'Drew Barnett', 74),
(277, 'Nicholas Meyer', 23),
(278, 'Lucas Myers', 28),
(279, 'Belinda Williams', 25),
(280, 'Mark Solis', 76),
(281, 'Dr. Brandi Becker DDS', 35),
(282, 'Adam Anderson', 22),
(283, 'George Bradley', 76),
(284, 'Kristine Matthews', 40),
(285, 'James Hull', 42),
(286, 'Lisa Stone', 66),
(287, 'Kathryn Davis', 76),
(288, 'Eric Jenkins', 80),
(289, 'Gina Marshall', 70),
(290, 'Teresa Holder', 31),
(291, 'Janet Hood', 69),
(292, 'Mr. Jason Murphy', 55),
(293, 'Theresa Ray', 42),
(294, 'William Nolan', 25),
(295, 'Melinda Cole', 36),
(296, 'Melissa Graham', 39),
(297, 'Paul Sellers', 39),
(298, 'Tami Cook', 47),
(299, 'Michael Moore', 70),
(300, 'Jeffrey Powell', 24);
INSERT INTO Actuo_en (id_actor, id_pelicula) VALUES
(152, 246),
(186, 159),
(197, 104),
(220, 225),
(107, 168),
(245, 56),
(184, 86),
(294, 293),
(150, 203),
(126, 245),
(122, 104),
(131, 52),
(124, 257),
(196, 188),
(235, 289),
(33, 246),
(76, 125),
(36, 153),
(274, 217),
(102, 153),
(192, 175),
(125, 155),
(129, 201),
(248, 152),
(134, 231),
(271, 248),
(31, 129),
(289, 52),
(132, 96),
(281, 48),
(195, 283),
(47, 55),
(83, 295),
(278, 6),
(36, 119),
(25, 98),
(43, 231),
(150, 31),
(34, 213),
(46, 178),
(46, 4),
(163, 132),
(160, 23),
(112, 4),
(262, 263),
(60, 149),
(17, 215),
(92, 218),
(177, 286),
(143, 55),
(227, 61),
(253, 25),
(15, 144),
(38, 265),
(187, 217),
(261, 111),
(133, 191),
(59, 187),
(53, 201),
(229, 296),
(81, 153),
(118, 245),
(133, 264),
(189, 296),
(110, 271),
(14, 145),
(22, 39),
(180, 150),
(84, 45),
(20, 225),
(14, 154),
(206, 22),
(248, 156),
(101, 12),
(175, 117),
(138, 217),
(259, 153),
(20, 298),
(169, 250),
(287, 50),
(181, 96),
(213, 46),
(78, 120),
(73, 133),
(281, 107),
(183, 14),
(174, 75),
(166, 7),
(245, 71),
(93, 10),
(102, 251),
(196, 240),
(145, 231),
(256, 144),
(52, 67),
(157, 86),
(97, 99),
(229, 127),
(287, 89),
(179, 242),
(40, 230),
(22, 224),
(215, 36),
(37, 286),
(150, 120),
(296, 238),
(205, 44),
(110, 1),
(96, 231),
(81, 157),
(82, 156),
(103, 35),
(286, 108),
(294, 185),
(276, 82),
(147, 294),
(20, 165),
(9, 199),
(117, 290),
(197, 252),
(289, 152),
(126, 265),
(41, 23),
(87, 54),
(212, 97),
(289, 161),
(24, 25),
(20, 3),
(171, 108),
(62, 256),
(82, 204),
(131, 99),
(274, 191),
(66, 43),
(122, 138),
(58, 5),
(25, 170),
(112, 168),
(75, 9),
(60, 75),
(174, 161),
(75, 256),
(155, 227),
(270, 86),
(150, 179),
(206, 92),
(1, 254),
(242, 198),
(26, 198),
(116, 220),
(288, 55),
(224, 290),
(134, 6),
(137, 23),
(103, 140),
(25, 154),
(274, 74),
(291, 145),
(231, 188),
(77, 249),
(263, 92),
(224, 73),
(249, 157),
(297, 298),
(91, 266),
(221, 31),
(258, 169),
(267, 53),
(113, 114),
(27, 202),
(124, 162),
(152, 178),
(279, 219),
(137, 62),
(36, 278),
(98, 152),
(70, 289),
(142, 58),
(33, 215),
(162, 155),
(261, 222),
(297, 154),
(74, 225),
(248, 112),
(121, 166),
(63, 158),
(41, 240),
(96, 121),
(130, 123),
(144, 140),
(23, 30),
(133, 30),
(215, 17),
(138, 17),
(230, 219),
(219, 8),
(173, 75),
(289, 213),
(198, 83),
(297, 138),
(103, 7),
(193, 7),
(237, 96),
(39, 13),
(110, 238),
(6, 74),
(82, 91),
(275, 98),
(242, 284),
(69, 185),
(249, 88),
(284, 55),
(201, 222),
(67, 252),
(158, 132),
(274, 270),
(196, 61),
(221, 200),
(259, 184),
(10, 117),
(206, 190),
(129, 117),
(162, 141),
(8, 28),
(129, 83),
(237, 34),
(58, 41),
(285, 275),
(122, 95),
(4, 177),
(194, 200),
(247, 29),
(48, 155),
(229, 167),
(166, 257),
(70, 131),
(55, 23),
(80, 196),
(69, 260),
(107, 189),
(17, 134),
(37, 82),
(213, 143),
(167, 185),
(50, 265),
(109, 43),
(281, 149),
(279, 97),
(261, 210),
(191, 103),
(255, 106),
(296, 296),
(85, 39),
(134, 179),
(246, 57),
(277, 264),
(180, 249),
(281, 179),
(197, 292),
(221, 85),
(199, 82),
(150, 217),
(257, 288),
(284, 251),
(37, 84),
(276, 213),
(113, 241),
(83, 81),
(273, 278),
(44, 132),
(236, 64),
(85, 142),
(269, 6),
(145, 257),
(232, 51),
(280, 137),
(268, 80),
(283, 108),
(115, 30),
(218, 15),
(164, 44),
(279, 65),
(271, 82),
(241, 145),
(171, 123),
(44, 61),
(234, 106),
(183, 33),
(88, 125),
(142, 279),
(140, 71),
(196, 140),
(233, 189),
(217, 117),
(286, 15),
(263, 288),
(160, 147),
(19, 272),
(108, 155),
(72, 9);


##Com